t,uav,routed,hops,parent,status
0.064,1,1,1,0,READY
0.064,2,1,1,0,READY
0.064,3,1,1,0,SERVICE
0.064,4,1,1,0,READY
0.064,5,1,1,0,SERVICE
1.216,1,1,1,0,ACTIVE
1.344,2,1,1,0,ACTIVE
1.536,4,1,1,0,ACTIVE
52.096,1,1,2,2,ACTIVE
60.032,3,1,1,0,READY
60.032,5,1,1,0,READY
60.928,3,1,1,0,ACTIVE
61.632,5,1,1,0,ACTIVE
79.872,4,1,2,2,ACTIVE
84.288,4,1,2,3,ACTIVE
89.856,1,1,3,2,ACTIVE
89.856,2,1,2,3,ACTIVE
114.368,4,1,2,5,ACTIVE
116.032,1,1,4,2,ACTIVE
116.032,2,1,3,3,ACTIVE
116.032,3,1,2,5,ACTIVE
129.28,4,1,3,3,ACTIVE
154.88,1,0,,,ACTIVE
174.784,4,1,4,2,ACTIVE
190.08,1,1,4,2,ACTIVE
203.136,1,1,3,3,ACTIVE
245.824,4,0,,,ACTIVE
249.6,2,1,4,1,ACTIVE
286.336,4,1,4,1,ACTIVE
301.376,4,1,3,3,ACTIVE
331.136,1,1,2,3,ACTIVE
331.136,2,1,3,1,ACTIVE
331.136,3,1,1,0,ACTIVE
331.136,4,1,2,3,ACTIVE
340.928,5,1,1,0,RTH
349.184,4,1,1,0,ACTIVE
354.112,1,1,2,4,ACTIVE
359.232,5,1,1,0,SERVICE
366.592,1,1,1,0,ACTIVE
366.592,2,1,2,1,ACTIVE
369.152,3,1,1,0,RTH
384.256,3,1,1,0,SERVICE
386.944,4,1,1,0,RTH
389.952,2,1,1,0,ACTIVE
403.648,4,1,1,0,SERVICE
405.44,1,1,1,0,RTH
417.344,1,1,1,0,SERVICE
419.264,5,1,1,0,READY
428.352,2,1,1,0,RTH
441.856,2,1,1,0,SERVICE
