t,delivered,pois,airborne,routed,gcs_believed_airborne,gcs_lost,forwarders,max_hops,min_battery,hb_pdr_10s,cmd_pdr_10s,gcs_active_data_age_s,queue_total
0.1,0,7,0,0,0,0,0,0,100.0,,,,0
1.0,0,7,0,0,0,0,0,0,100.0,,,,1
2.0,0,7,3,3,3,0,0,1,100.0,,,0.43,1
3.0,0,7,3,3,3,0,0,1,99.9,100.0,100.0,0.36,2
4.0,0,7,3,3,3,0,0,1,99.8,100.0,100.0,0.36,1
5.1,0,7,3,3,3,0,0,1,99.8,100.0,100.0,0.43,2
6.0,0,7,3,3,3,0,0,1,99.7,100.0,100.0,0.36,1
7.0,0,7,3,3,3,0,0,1,99.7,100.0,100.0,0.36,1
8.0,0,7,3,3,3,0,0,1,99.6,100.0,100.0,0.36,2
9.0,0,7,3,3,3,0,0,1,99.6,100.0,100.0,0.36,1
10.0,0,7,3,3,3,0,0,1,99.5,100.0,100.0,0.43,1
11.0,0,7,3,3,3,0,0,1,99.5,100.0,100.0,0.36,2
12.0,0,7,3,3,3,0,0,1,99.4,100.0,100.0,0.36,1
13.1,0,7,3,3,3,0,0,1,99.3,100.0,100.0,0.43,2
14.0,0,7,3,3,3,0,0,1,99.3,100.0,100.0,0.36,1
15.0,0,7,3,3,3,0,0,1,99.2,100.0,100.0,0.36,1
16.0,0,7,3,3,3,0,0,1,99.2,100.0,100.0,0.36,2
17.0,0,7,3,3,3,0,0,1,99.1,100.0,100.0,0.36,1
18.0,0,7,3,3,3,0,0,1,99.1,100.0,100.0,0.43,1
19.0,0,7,3,3,3,0,0,1,99.0,100.0,100.0,0.36,2
20.0,0,7,3,3,3,0,0,1,99.0,100.0,100.0,0.36,1
21.1,0,7,3,3,3,0,0,1,98.9,100.0,100.0,0.43,2
22.0,0,7,3,3,3,0,0,1,98.9,100.0,100.0,0.36,1
23.0,0,7,3,3,3,0,0,1,98.8,100.0,100.0,0.36,1
24.0,0,7,3,3,3,0,0,1,98.7,100.0,100.0,0.36,2
25.0,0,7,3,3,3,0,0,1,98.7,100.0,100.0,0.36,1
26.0,0,7,3,3,3,0,0,1,98.6,100.0,100.0,0.43,1
27.0,0,7,3,3,3,0,0,1,98.6,100.0,100.0,0.36,2
28.0,0,7,3,3,3,0,0,1,98.5,100.0,100.0,0.36,1
29.1,0,7,3,3,3,0,0,1,98.5,100.0,100.0,0.43,2
30.0,0,7,3,3,3,0,0,1,98.4,100.0,100.0,0.36,1
31.0,0,7,3,3,3,0,0,1,98.4,100.0,100.0,0.36,1
32.0,0,7,3,3,3,0,0,1,98.3,100.0,100.0,0.36,2
33.0,0,7,3,3,3,0,0,1,98.3,100.0,100.0,0.36,1
34.0,0,7,3,3,3,0,0,1,98.2,100.0,100.0,0.43,1
35.0,0,7,3,3,3,0,0,1,98.1,100.0,100.0,0.36,2
36.0,0,7,3,3,3,0,0,1,98.1,100.0,100.0,0.36,1
37.1,0,7,3,3,3,0,0,1,98.0,100.0,100.0,0.43,2
38.0,0,7,3,3,3,0,0,1,98.0,100.0,100.0,0.36,1
39.0,0,7,3,3,3,0,0,1,97.9,100.0,100.0,0.36,1
40.0,0,7,3,3,3,0,0,1,97.9,100.0,100.0,0.36,2
41.0,0,7,3,3,3,0,0,1,97.8,100.0,100.0,0.36,1
42.0,0,7,3,3,3,0,0,1,97.8,100.0,100.0,0.43,1
43.0,0,7,3,3,3,0,0,1,97.7,100.0,100.0,0.36,2
44.0,0,7,3,3,3,0,0,1,97.6,100.0,100.0,0.36,1
45.1,0,7,3,3,3,0,0,1,97.6,100.0,100.0,0.43,2
46.0,0,7,3,3,3,0,0,1,97.5,100.0,100.0,0.36,1
47.0,0,7,3,3,3,0,0,1,97.5,100.0,100.0,0.36,1
48.0,0,7,3,3,3,0,0,1,97.4,100.0,100.0,0.36,2
49.0,0,7,3,3,3,0,0,1,97.4,100.0,100.0,0.34,1
50.0,0,7,3,3,3,0,0,1,97.3,100.0,100.0,0.43,1
51.0,0,7,3,3,3,0,0,1,97.3,100.0,100.0,0.36,2
52.0,0,7,3,3,3,0,0,1,97.2,100.0,100.0,0.36,1
53.1,0,7,3,3,3,0,1,2,97.1,100.0,100.0,0.41,2
54.0,0,7,3,3,3,0,1,2,97.1,100.0,100.0,0.34,1
55.0,0,7,3,3,3,0,1,2,97.0,100.0,100.0,0.34,1
56.0,0,7,3,3,3,0,1,2,97.0,100.0,100.0,0.34,2
57.0,0,7,3,3,3,0,1,2,96.9,100.0,100.0,0.34,1
58.0,0,7,3,3,3,0,1,2,96.9,100.0,100.0,0.41,1
59.0,0,7,3,3,3,0,1,2,96.8,100.0,100.0,0.34,2
60.0,0,7,3,3,3,0,1,2,96.8,100.0,100.0,0.34,1
61.1,0,7,4,4,3,0,1,2,96.7,100.0,100.0,0.41,2
62.0,0,7,5,5,4,0,1,2,96.7,100.0,100.0,0.34,4
63.0,0,7,5,5,5,0,1,2,96.6,100.0,100.0,0.26,4
64.0,0,7,5,5,5,0,1,2,96.6,100.0,100.0,0.23,5
65.0,0,7,5,5,5,0,1,2,96.5,100.0,100.0,0.27,5
66.0,0,7,5,5,5,0,1,2,96.5,100.0,100.0,0.44,3
67.0,1,7,5,5,5,0,1,2,96.4,100.0,100.0,0.43,2
68.0,1,7,5,5,5,0,1,2,96.4,100.0,100.0,0.47,1
69.1,1,7,5,5,5,0,1,2,96.3,100.0,100.0,0.49,2
70.0,1,7,5,5,5,0,1,2,96.3,100.0,100.0,0.75,6
71.0,1,7,5,5,5,0,1,2,96.2,100.0,100.0,0.5,6
72.1,1,7,5,5,5,0,1,2,96.2,100.0,100.0,0.48,2
73.0,1,7,5,5,5,0,1,2,96.1,100.0,100.0,0.49,2
74.0,1,7,5,5,5,0,1,2,96.1,100.0,100.0,0.41,4
75.0,1,7,5,5,5,0,1,2,96.0,100.0,100.0,0.43,2
76.0,1,7,5,5,5,0,1,2,96.0,100.0,100.0,0.46,2
77.1,2,7,5,5,5,0,1,2,95.9,100.0,100.0,0.45,3
78.0,2,7,5,5,5,0,1,2,95.9,100.0,100.0,0.47,1
79.0,2,7,5,5,5,0,1,2,95.8,100.0,100.0,0.49,1
80.1,2,7,5,5,5,0,1,2,95.8,100.0,100.0,0.49,2
81.0,2,7,5,5,5,0,1,2,95.7,100.0,100.0,0.49,1
82.0,2,7,5,5,5,0,1,2,95.6,100.0,99.0,0.47,1
83.0,2,7,5,5,5,0,1,2,95.6,100.0,99.0,0.43,2
84.0,2,7,5,5,5,0,1,2,95.5,100.0,99.0,0.49,1
85.1,2,7,5,5,5,0,2,2,95.5,100.0,99.0,0.49,2
86.0,2,7,5,5,5,0,2,2,95.4,100.0,99.0,0.49,1
87.0,2,7,5,5,5,0,2,2,95.4,100.0,99.0,0.49,1
88.1,2,7,5,5,5,0,2,2,95.3,100.0,99.0,0.49,2
89.0,2,7,5,5,5,0,2,2,95.3,100.0,99.0,0.49,1
90.0,2,7,5,5,5,0,2,3,95.2,100.0,99.0,0.49,1
91.0,2,7,5,5,5,0,2,3,95.2,100.0,99.0,0.43,2
92.0,2,7,5,5,5,0,2,3,95.1,100.0,100.0,0.49,1
93.1,2,7,5,5,5,0,2,3,95.0,100.0,100.0,0.49,2
94.0,2,7,5,5,5,0,2,3,95.0,100.0,100.0,0.49,1
95.0,2,7,5,5,5,0,2,3,94.9,100.0,100.0,0.49,1
96.1,2,7,5,5,5,0,2,3,94.9,100.0,100.0,0.49,2
97.0,2,7,5,5,5,0,2,3,94.8,100.0,100.0,0.49,1
98.0,2,7,5,5,5,0,2,3,94.8,100.0,100.0,0.49,1
99.0,2,7,5,5,5,0,2,3,94.7,100.0,100.0,0.43,2
100.0,2,7,5,5,5,0,2,3,94.7,100.0,100.0,0.49,1
101.1,2,7,5,5,5,0,2,3,94.6,100.0,100.0,0.49,2
102.0,2,7,5,5,5,0,2,3,94.5,100.0,100.0,0.49,1
103.0,2,7,5,5,5,0,2,3,94.5,100.0,100.0,0.49,1
104.1,2,7,5,5,5,0,2,3,94.4,100.0,100.0,0.49,2
105.0,2,7,5,5,5,0,2,3,94.4,100.0,100.0,0.49,1
106.0,2,7,5,5,5,0,2,3,94.3,100.0,100.0,0.47,1
107.0,2,7,5,5,5,0,2,3,94.3,100.0,100.0,0.43,2
108.0,2,7,5,5,5,0,2,3,94.2,100.0,100.0,0.47,1
109.1,2,7,5,5,5,0,2,3,94.2,100.0,100.0,0.49,2
110.0,2,7,5,5,5,0,2,3,94.1,100.0,100.0,0.47,1
111.0,2,7,5,5,5,0,2,3,94.1,100.0,100.0,0.49,1
112.1,2,7,5,5,5,0,2,3,94.0,100.0,100.0,0.49,2
113.0,2,7,5,5,5,0,2,3,93.9,100.0,100.0,0.45,1
114.0,2,7,5,5,5,0,2,3,93.9,100.0,100.0,0.6,5
115.0,2,7,5,5,5,0,3,3,93.8,100.0,100.0,0.62,6
116.0,2,7,5,5,5,0,3,4,93.8,100.0,100.0,0.26,6
117.1,2,7,5,5,5,0,3,4,93.7,100.0,100.0,0.5,6
118.0,2,7,5,5,5,0,3,4,93.7,100.0,100.0,0.55,9
119.0,2,7,5,5,5,0,3,4,93.6,100.0,100.0,0.31,3
120.1,2,7,5,5,5,0,3,4,93.6,100.0,100.0,0.42,5
121.0,2,7,5,5,5,0,3,4,93.5,100.0,100.0,0.38,2
122.0,2,7,5,5,5,0,3,4,93.4,100.0,100.0,0.55,9
123.0,2,7,5,5,5,0,3,4,93.4,100.0,100.0,0.37,3
124.0,3,7,5,5,5,0,3,4,93.3,100.0,100.0,0.47,1
125.1,3,7,5,5,5,0,3,4,93.3,100.0,100.0,0.47,2
126.0,3,7,5,5,5,0,3,4,93.2,100.0,100.0,0.47,1
127.0,3,7,5,5,5,0,3,4,93.2,100.0,100.0,0.49,1
128.1,3,7,5,5,5,0,3,4,93.1,100.0,100.0,0.49,2
129.0,3,7,5,5,5,0,3,4,93.1,100.0,100.0,0.49,1
130.0,3,7,5,5,5,0,3,4,93.0,100.0,100.0,0.49,1
131.0,3,7,5,5,5,0,3,4,93.0,100.0,100.0,0.42,2
132.0,3,7,5,5,5,0,3,4,92.9,100.0,100.0,0.49,1
133.1,3,7,5,5,5,0,3,4,92.8,100.0,100.0,0.49,2
134.0,3,7,5,5,5,0,3,4,92.8,100.0,100.0,0.51,1
135.0,3,7,5,5,5,0,3,4,92.7,100.0,100.0,0.49,1
136.1,3,7,5,5,5,0,3,4,92.7,100.0,100.0,0.48,2
137.0,3,7,5,5,5,0,3,4,92.6,100.0,100.0,0.49,1
138.0,3,7,5,5,5,0,3,4,92.6,100.0,100.0,0.49,1
139.0,3,7,5,5,5,0,3,4,92.5,100.0,100.0,0.42,2
140.0,3,7,5,5,5,0,3,4,92.5,100.0,100.0,0.49,1
141.1,3,7,5,5,5,0,3,4,92.4,100.0,100.0,0.47,2
142.0,3,7,5,5,5,0,3,4,92.3,100.0,100.0,0.51,1
143.0,3,7,5,5,5,0,3,4,92.3,100.0,100.0,0.49,1
144.1,3,7,5,5,5,0,3,4,92.2,100.0,100.0,0.46,2
145.0,3,7,5,5,5,0,3,4,92.2,100.0,100.0,0.49,1
146.0,3,7,5,5,5,0,3,4,92.1,100.0,100.0,0.49,1
147.0,3,7,5,5,5,0,3,4,92.1,100.0,100.0,0.42,2
148.0,3,7,5,5,5,0,3,4,92.0,100.0,100.0,0.49,1
149.1,3,7,5,5,5,0,3,4,92.0,100.0,100.0,0.49,2
150.0,3,7,5,5,5,0,3,4,91.9,100.0,100.0,0.51,1
151.0,3,7,5,5,5,0,3,4,91.9,100.0,100.0,0.47,1
152.1,3,7,5,5,5,0,3,4,91.8,100.0,100.0,0.48,2
153.0,3,7,5,5,5,0,3,4,91.7,100.0,100.0,0.49,1
154.0,3,7,5,5,5,0,3,4,91.7,100.0,100.0,0.49,1
155.0,3,7,5,4,5,0,2,3,91.6,100.0,100.0,0.4,2
156.0,3,7,5,4,5,0,2,3,91.6,100.0,100.0,1.32,5
157.1,3,7,5,4,5,0,2,3,91.5,100.0,100.0,2.35,11
158.0,3,7,5,4,5,1,2,3,91.5,98.0,98.0,0.51,10
159.0,3,7,5,4,5,1,2,3,91.4,96.0,96.0,0.49,10
160.1,3,7,5,4,5,1,2,3,91.4,94.0,94.0,0.48,11
161.0,3,7,5,4,5,1,2,3,91.3,92.0,92.0,0.51,10
162.0,3,7,5,4,5,1,2,3,91.2,89.9,90.0,0.49,10
163.0,3,7,5,4,5,1,2,3,91.2,88.0,88.0,0.43,11
164.0,3,7,5,4,5,1,2,3,91.1,86.0,86.0,0.49,10
165.1,3,7,5,4,5,1,2,3,91.1,84.0,84.0,0.49,11
166.0,3,7,5,4,5,1,2,3,91.0,82.0,82.0,0.51,10
167.0,3,7,5,4,5,1,2,3,91.0,79.8,80.0,0.49,10
168.1,3,7,5,4,5,1,2,3,90.9,80.0,80.0,0.48,11
169.0,3,7,5,4,5,1,2,3,90.9,80.0,80.0,0.49,10
170.0,3,7,5,4,5,1,2,3,90.8,79.8,80.0,0.49,10
171.0,3,7,5,4,5,1,2,3,90.8,80.0,80.0,0.43,11
172.0,3,7,5,4,5,1,2,3,90.7,80.0,80.0,0.49,10
173.1,3,7,5,4,5,1,2,3,90.7,80.0,80.0,0.49,11
174.0,3,7,5,4,5,1,2,3,90.6,80.0,80.0,0.51,10
175.0,3,7,5,4,5,1,3,4,90.6,79.8,80.0,0.49,14
176.1,3,7,5,4,5,1,3,4,90.5,80.0,80.0,0.46,15
177.0,3,7,5,4,5,1,3,4,90.5,80.0,80.0,0.47,14
178.0,3,7,5,4,5,1,3,4,90.4,79.8,80.0,0.49,14
179.0,3,7,5,4,5,1,3,4,90.4,80.0,80.0,0.49,19
180.0,3,7,5,4,5,1,3,4,90.3,80.0,80.0,0.49,18
181.1,3,7,5,4,5,1,3,4,90.2,80.0,80.0,0.49,19
182.0,3,7,5,4,5,1,3,4,90.2,80.0,80.0,0.49,18
183.0,3,7,5,4,5,1,3,4,90.1,79.8,80.0,0.49,22
184.1,3,7,5,4,5,1,3,4,90.1,80.0,80.0,0.46,23
185.0,3,7,5,4,5,1,3,4,90.0,80.0,80.0,0.49,22
186.0,3,7,5,4,5,1,3,4,90.0,79.8,80.0,0.47,22
187.0,3,7,5,4,5,1,3,4,89.9,80.0,80.0,0.49,27
188.0,3,7,5,4,5,1,3,4,89.9,80.0,80.0,0.49,26
189.1,3,7,5,4,5,1,3,4,89.8,80.0,80.0,0.47,27
190.0,3,7,5,4,5,1,3,4,89.8,80.0,80.0,0.47,26
191.0,3,7,5,5,5,0,3,4,89.7,81.8,81.0,1.22,34
192.1,3,7,5,5,5,0,3,4,89.6,83.0,83.0,2.03,43
193.0,3,7,5,5,5,0,3,4,89.6,84.0,85.0,0.71,30
194.0,3,7,5,5,5,0,3,4,89.5,85.9,87.0,0.49,28
195.0,3,7,5,5,5,0,3,4,89.5,88.0,89.0,0.65,28
196.0,3,7,5,5,5,0,3,4,89.4,90.0,91.0,0.23,31
197.1,3,7,5,5,5,0,3,4,89.4,92.0,93.0,0.44,24
198.0,3,7,5,5,5,0,3,4,89.3,94.0,95.0,0.32,24
199.0,3,7,5,5,5,0,3,4,89.3,96.0,97.0,0.5,21
200.1,3,7,5,5,5,0,3,4,89.2,98.0,99.0,0.46,20
201.0,3,7,5,5,5,0,3,4,89.2,98.0,100.0,0.57,21
202.0,3,7,5,5,5,0,3,4,89.1,99.0,100.0,0.53,15
203.0,3,7,5,5,5,0,3,4,89.0,100.0,100.0,0.41,8
204.0,3,7,5,5,5,0,3,4,89.0,100.0,100.0,0.48,10
205.1,3,7,5,5,5,0,3,4,88.9,100.0,100.0,0.36,11
206.0,3,7,5,5,5,0,3,4,88.9,100.0,100.0,0.65,12
207.0,3,7,5,5,5,0,3,4,88.8,100.0,100.0,0.43,12
208.1,3,7,5,5,5,0,3,4,88.8,100.0,100.0,0.56,10
209.0,3,7,5,5,5,0,3,4,88.7,100.0,100.0,0.49,9
210.0,3,7,5,5,5,0,3,4,88.7,100.0,100.0,0.47,8
211.0,3,7,5,5,5,0,3,4,88.6,100.0,100.0,0.66,14
212.0,3,7,5,5,5,0,3,4,88.5,100.0,100.0,0.41,9
213.1,3,7,5,5,5,0,3,4,88.5,100.0,100.0,0.39,11
214.0,3,7,5,5,5,0,3,4,88.4,100.0,100.0,0.62,8
215.0,3,7,5,5,5,0,3,4,88.4,100.0,100.0,0.47,9
216.1,3,7,5,5,5,0,3,4,88.3,100.0,100.0,0.34,11
217.0,3,7,5,5,5,0,3,4,88.3,100.0,100.0,0.44,6
218.0,3,7,5,5,5,0,3,4,88.2,100.0,100.0,0.71,6
219.0,3,7,5,5,5,0,3,4,88.2,100.0,100.0,0.15,12
220.0,4,7,5,5,5,0,3,4,88.1,100.0,100.0,0.37,2
221.1,4,7,5,5,5,0,3,4,88.1,100.0,100.0,0.47,3
222.0,5,7,5,5,5,0,3,4,88.0,100.0,100.0,0.49,1
223.0,5,7,5,5,5,0,3,4,87.9,100.0,100.0,0.49,1
224.1,5,7,5,5,5,0,3,4,87.9,100.0,100.0,0.46,2
225.0,5,7,5,5,5,0,3,4,87.8,100.0,100.0,0.49,1
226.0,5,7,5,5,5,0,3,4,87.8,100.0,100.0,0.49,1
227.0,5,7,5,5,5,0,3,4,87.7,100.0,100.0,0.44,2
228.0,5,7,5,5,5,0,3,4,87.7,100.0,100.0,0.49,1
229.1,5,7,5,5,5,0,3,4,87.6,100.0,100.0,0.49,2
230.0,5,7,5,5,5,0,3,4,87.6,100.0,100.0,0.49,1
231.0,5,7,5,5,5,0,3,4,87.5,100.0,100.0,0.49,1
232.1,5,7,5,5,5,0,3,4,87.4,100.0,100.0,0.46,2
233.0,5,7,5,5,5,0,3,4,87.4,100.0,100.0,0.49,1
234.0,5,7,5,5,5,0,3,4,87.3,100.0,100.0,0.49,1
235.0,5,7,5,5,5,0,3,4,87.3,100.0,100.0,0.48,2
236.0,5,7,5,5,5,0,3,4,87.2,100.0,100.0,0.49,1
237.1,5,7,5,5,5,0,3,4,87.2,100.0,100.0,0.49,2
238.0,5,7,5,5,5,0,3,4,87.1,100.0,100.0,0.49,1
239.0,5,7,5,5,5,0,3,4,87.1,100.0,100.0,0.46,1
240.1,5,7,5,5,5,0,3,4,87.0,100.0,100.0,0.49,2
241.0,5,7,5,5,5,0,3,4,87.0,100.0,100.0,0.47,1
242.0,5,7,5,5,5,0,3,4,86.9,100.0,100.0,0.49,1
243.0,5,7,5,5,5,0,3,4,86.8,100.0,100.0,0.48,2
244.0,5,7,5,5,5,0,3,4,86.8,100.0,100.0,0.49,1
245.1,5,7,5,5,5,0,3,4,86.7,100.0,100.0,0.49,2
246.0,5,7,5,4,5,0,2,3,86.7,100.0,100.0,0.49,3
247.0,5,7,5,4,5,0,2,3,86.6,100.0,100.0,1.5,7
248.1,5,7,5,4,5,0,2,3,86.6,99.0,99.0,2.52,11
249.0,5,7,5,4,5,1,2,3,86.5,97.0,97.0,0.49,11
250.0,5,7,5,4,5,1,3,4,86.5,94.9,95.0,0.49,11
251.0,5,7,5,4,5,1,3,4,86.4,93.0,93.0,0.43,12
252.0,5,7,5,4,5,1,3,4,86.3,91.0,91.0,0.49,11
253.1,5,7,5,4,5,1,3,4,86.3,89.0,89.0,0.49,12
254.0,5,7,5,4,5,1,3,4,86.2,87.0,87.0,0.49,11
255.0,5,7,5,4,5,1,3,4,86.2,84.8,85.0,0.49,11
256.1,5,7,5,4,5,1,3,4,86.1,83.0,83.0,0.49,11
257.0,5,7,5,4,5,1,3,4,86.1,81.0,81.0,0.49,11
258.0,5,7,5,4,5,1,3,4,86.0,79.8,80.0,0.49,11
259.0,5,7,5,4,5,1,3,4,86.0,80.0,80.0,0.43,12
260.0,5,7,5,4,5,1,3,4,85.9,80.0,80.0,0.49,15
261.1,5,7,5,4,5,1,3,4,85.9,80.0,80.0,0.49,16
262.0,5,7,5,4,5,1,3,4,85.8,80.0,80.0,0.47,15
263.0,5,7,5,4,5,1,3,4,85.7,79.8,80.0,0.49,15
264.1,5,7,5,4,5,1,3,4,85.7,80.0,80.0,0.49,19
265.0,5,7,5,4,5,1,3,4,85.6,80.0,80.0,0.49,19
266.0,5,7,5,4,5,1,3,4,85.6,79.8,80.0,0.49,19
267.0,5,7,5,4,5,1,3,4,85.5,80.0,80.0,0.43,20
268.0,5,7,5,4,5,1,3,4,85.5,80.0,80.0,0.49,19
269.1,5,7,5,4,5,1,3,4,85.4,80.0,80.0,0.49,24
270.0,5,7,5,4,5,1,3,4,85.4,80.0,80.0,0.49,23
271.0,5,7,5,4,5,1,3,4,85.3,79.8,80.0,0.49,23
272.1,5,7,5,4,5,1,3,4,85.2,80.0,80.0,0.49,23
273.0,5,7,5,4,5,1,3,4,85.2,80.0,80.0,0.49,27
274.0,5,7,5,4,5,1,3,4,85.1,79.8,80.0,0.49,27
275.0,5,7,5,4,5,1,3,4,85.1,80.0,80.0,0.43,28
276.0,5,7,5,4,5,1,3,4,85.0,80.0,80.0,0.49,27
277.1,5,7,5,4,5,1,3,4,85.0,80.0,80.0,0.49,32
278.0,5,7,5,4,5,1,3,4,84.9,80.0,80.0,0.49,31
279.0,5,7,5,4,5,1,3,4,84.9,79.8,80.0,0.73,39
280.1,5,7,5,4,5,1,3,4,84.8,80.0,80.0,0.49,32
281.0,5,7,5,4,5,1,3,4,84.8,80.0,80.0,0.49,42
282.0,5,7,5,4,5,1,3,4,84.7,79.8,80.0,0.49,37
283.0,5,7,5,4,5,1,3,4,84.7,80.0,80.0,0.6,40
284.0,5,7,5,4,5,1,3,4,84.6,80.0,80.0,0.49,36
285.1,5,7,5,4,5,1,3,4,84.5,80.0,80.0,0.56,41
286.0,5,7,5,4,5,1,3,4,84.5,80.0,80.0,0.41,40
287.0,5,7,5,5,5,0,3,4,84.4,80.8,81.0,0.83,42
288.1,5,7,5,5,5,0,3,4,84.4,83.0,83.0,0.49,35
289.0,5,7,5,5,5,0,3,4,84.3,85.0,85.0,0.49,39
290.0,5,7,5,5,5,0,3,4,84.3,86.9,87.0,0.49,40
291.0,5,7,5,5,5,0,3,4,84.3,89.0,89.0,0.76,50
292.0,5,7,5,5,5,0,3,4,84.2,91.0,91.0,0.05,46
293.1,5,7,5,5,5,0,3,4,84.1,93.0,93.0,1.05,55
294.0,5,7,5,5,5,0,3,4,84.1,95.0,95.0,0.49,38
295.0,5,7,5,5,5,0,3,4,84.0,97.0,97.0,0.43,36
296.1,5,7,5,5,5,0,3,4,84.0,99.0,99.0,0.67,45
297.0,5,7,5,5,5,0,3,4,83.9,100.0,100.0,0.77,45
298.0,5,7,5,5,5,0,3,4,83.9,100.0,100.0,0.63,32
299.0,5,7,5,5,5,0,3,4,83.9,100.0,100.0,0.43,39
300.0,5,7,5,5,5,0,3,4,83.8,100.0,100.0,0.66,40
301.1,5,7,5,5,5,0,3,4,83.7,100.0,100.0,0.45,25
302.0,5,7,5,5,5,0,3,4,83.7,100.0,100.0,0.44,28
303.0,5,7,5,5,5,0,3,4,83.6,100.0,100.0,0.66,30
304.1,5,7,5,5,5,0,3,4,83.6,100.0,100.0,0.67,22
305.0,5,7,5,5,5,0,3,4,83.5,100.0,100.0,0.42,14
306.0,6,7,5,5,5,0,3,4,83.5,100.0,100.0,0.66,18
307.0,6,7,5,5,5,0,3,4,83.4,100.0,100.0,0.36,10
308.0,6,7,5,5,5,0,3,4,83.4,100.0,100.0,0.37,6
309.1,6,7,5,5,5,0,3,4,83.3,100.0,100.0,0.48,3
310.0,6,7,5,5,5,0,3,4,83.3,100.0,100.0,0.43,3
311.0,6,7,5,5,5,0,3,4,83.2,100.0,100.0,0.47,6
312.1,6,7,5,5,5,0,3,4,83.2,100.0,100.0,0.47,4
313.0,6,7,5,5,5,0,3,4,83.1,100.0,100.0,0.24,3
314.0,6,7,5,5,5,0,3,4,83.1,100.0,100.0,0.64,8
315.0,6,7,5,5,5,0,3,4,83.0,100.0,100.0,0.54,9
316.0,7,7,5,5,5,0,3,4,83.0,100.0,100.0,0.44,1
317.1,7,7,5,5,5,0,3,4,82.9,100.0,100.0,0.49,2
318.0,7,7,5,5,5,0,3,4,82.8,100.0,100.0,0.51,2
319.0,7,7,5,5,5,0,3,4,82.8,100.0,100.0,0.49,1
320.0,7,7,5,5,5,0,3,4,82.7,100.0,100.0,0.42,2
321.0,7,7,5,5,5,0,3,4,82.7,100.0,100.0,0.51,1
322.0,7,7,5,5,5,0,3,4,82.6,100.0,100.0,0.49,1
323.0,7,7,5,5,5,0,3,4,82.6,100.0,100.0,0.43,2
324.0,7,7,5,5,5,0,3,4,82.5,100.0,100.0,0.49,1
325.1,7,7,5,5,5,0,3,4,82.5,100.0,100.0,0.49,2
326.0,7,7,5,5,5,0,3,4,82.4,100.0,100.0,0.51,1
327.0,7,7,5,5,5,0,3,4,82.3,100.0,100.0,0.49,1
328.0,7,7,5,5,5,0,3,4,82.3,100.0,100.0,0.42,2
329.0,7,7,5,5,5,0,3,4,82.2,100.0,100.0,0.51,1
330.0,7,7,5,5,5,0,3,4,82.2,100.0,100.0,0.49,1
331.0,7,7,5,5,5,0,3,4,82.1,100.0,100.0,0.43,2
332.0,7,7,5,5,5,0,2,3,82.1,100.0,100.0,0.49,1
333.1,7,7,5,5,5,0,2,3,82.0,100.0,100.0,0.49,2
334.0,7,7,5,5,5,0,2,3,82.0,100.0,100.0,0.49,1
335.0,7,7,5,5,5,0,2,3,81.9,100.0,100.0,0.49,1
336.0,7,7,5,5,5,0,2,3,81.9,100.0,100.0,0.43,2
337.0,7,7,5,5,5,0,2,3,81.8,100.0,100.0,0.49,1
338.0,7,7,5,5,5,0,2,3,81.7,100.0,100.0,0.49,1
339.0,7,7,5,5,5,0,2,3,81.7,100.0,100.0,0.43,2
340.0,7,7,5,5,5,0,2,3,81.6,100.0,100.0,0.49,1
341.1,7,7,5,5,5,0,2,3,81.6,100.0,100.0,0.49,2
342.0,7,7,5,5,5,0,2,3,81.5,100.0,100.0,0.49,1
343.0,7,7,5,5,5,0,2,3,81.5,100.0,100.0,0.49,1
344.0,7,7,5,5,5,0,2,3,81.4,100.0,100.0,0.43,2
345.0,7,7,5,5,5,0,2,3,81.4,100.0,100.0,0.49,1
346.0,7,7,5,5,5,0,2,3,81.3,100.0,100.0,0.49,1
347.0,7,7,5,5,5,0,2,3,81.2,100.0,100.0,0.43,2
348.0,7,7,5,5,5,0,2,3,81.2,100.0,100.0,0.47,1
349.1,7,7,5,5,5,0,2,3,81.1,100.0,100.0,0.49,2
350.0,7,7,5,5,5,0,2,3,81.1,100.0,100.0,0.47,1
351.0,7,7,5,5,5,0,2,3,81.0,100.0,100.0,0.49,1
352.0,7,7,5,5,5,0,2,3,81.0,100.0,100.0,0.43,2
353.0,7,7,5,5,5,0,2,3,80.9,100.0,100.0,0.49,1
354.0,7,7,5,5,5,0,2,3,80.9,100.0,100.0,0.47,1
355.0,7,7,5,5,5,0,2,3,80.8,100.0,100.0,0.43,2
356.0,7,7,5,5,5,0,2,3,80.8,100.0,100.0,0.47,1
357.1,7,7,5,5,5,0,2,3,80.7,100.0,100.0,0.49,2
358.0,7,7,5,5,5,0,2,3,80.6,100.0,100.0,0.47,1
359.0,7,7,5,5,5,0,2,3,80.6,100.0,100.0,0.49,1
360.0,7,7,4,4,4,0,2,3,80.5,100.0,100.0,0.34,2
361.0,7,7,4,4,4,0,2,3,80.5,100.0,100.0,0.34,1
362.0,7,7,4,4,4,0,2,3,80.4,100.0,100.0,0.41,1
363.0,7,7,4,4,4,0,2,3,80.4,100.0,100.0,0.34,2
364.0,7,7,4,4,4,0,2,3,80.3,100.0,100.0,0.34,1
365.1,7,7,4,4,4,0,2,3,80.3,100.0,100.0,0.41,2
366.0,7,7,4,4,4,0,2,3,80.2,100.0,100.0,0.34,1
367.0,7,7,4,4,4,0,1,2,80.1,100.0,100.0,0.36,1
368.0,7,7,4,4,4,0,1,2,80.1,100.0,100.0,0.36,2
369.0,7,7,4,4,4,0,1,2,80.0,100.0,100.0,0.34,1
370.0,7,7,4,4,4,0,1,2,80.0,100.0,100.0,0.43,1
371.0,7,7,4,4,4,0,1,2,79.9,100.0,100.0,0.36,2
372.0,7,7,4,4,4,0,1,2,79.9,100.0,100.0,0.36,1
373.1,7,7,4,4,4,0,1,2,79.8,100.0,100.0,0.43,2
374.0,7,7,4,4,4,0,1,2,79.8,100.0,100.0,0.36,1
375.0,7,7,4,4,4,0,1,2,79.7,100.0,100.0,0.36,1
376.0,7,7,4,4,4,0,1,2,79.7,100.0,100.0,0.36,2
377.0,7,7,4,4,4,0,1,2,79.6,100.0,100.0,0.36,1
378.0,7,7,4,4,4,0,1,2,79.5,100.0,100.0,0.43,1
379.0,7,7,4,4,4,0,1,2,79.5,100.0,100.0,0.36,2
380.0,7,7,4,4,4,0,1,2,79.4,100.0,100.0,0.36,1
381.1,7,7,4,4,4,0,1,2,79.4,100.0,100.0,0.43,2
382.0,7,7,4,4,4,0,1,2,79.3,100.0,100.0,0.36,1
383.0,7,7,4,4,4,0,1,2,79.3,100.0,100.0,0.36,1
384.0,7,7,4,4,4,0,1,2,79.2,100.0,100.0,0.36,2
385.0,7,7,3,3,3,0,1,2,79.2,100.0,100.0,0.36,1
386.0,7,7,3,3,3,0,1,2,79.1,100.0,100.0,0.43,1
387.0,7,7,3,3,3,0,1,2,79.0,100.0,100.0,0.36,2
388.0,7,7,3,3,3,0,1,2,79.0,100.0,100.0,0.36,1
389.1,7,7,3,3,3,0,1,2,78.9,100.0,100.0,0.43,2
390.0,7,7,3,3,3,0,0,1,78.9,100.0,100.0,0.36,1
391.0,7,7,3,3,3,0,0,1,78.8,100.0,100.0,0.36,1
392.0,7,7,3,3,3,0,0,1,78.8,100.0,100.0,0.36,2
393.0,7,7,3,3,3,0,0,1,78.7,100.0,100.0,0.36,1
394.0,7,7,3,3,3,0,0,1,78.7,100.0,100.0,0.43,1
395.0,7,7,3,3,3,0,0,1,78.6,100.0,100.0,0.36,2
396.0,7,7,3,3,3,0,0,1,78.6,100.0,100.0,0.36,1
397.1,7,7,3,3,3,0,0,1,78.5,100.0,100.0,0.43,2
398.0,7,7,3,3,3,0,0,1,78.4,100.0,100.0,0.36,1
399.0,7,7,3,3,3,0,0,1,78.4,100.0,100.0,0.36,1
400.0,7,7,3,3,3,0,0,1,78.3,100.0,100.0,0.36,2
401.0,7,7,3,3,3,0,0,1,78.3,100.0,100.0,0.36,1
402.0,7,7,3,3,3,0,0,1,78.2,100.0,100.0,0.43,1
403.0,7,7,3,3,3,0,0,1,78.2,100.0,100.0,0.36,2
404.0,7,7,2,2,2,0,0,1,78.1,100.0,100.0,0.36,1
405.1,7,7,2,2,2,0,0,1,78.1,100.0,100.0,0.43,2
406.0,7,7,2,2,2,0,0,1,78.0,100.0,100.0,0.36,1
407.0,7,7,2,2,2,0,0,1,77.9,100.0,100.0,0.36,1
408.0,7,7,2,2,2,0,0,1,77.9,100.0,100.0,0.36,2
409.0,7,7,2,2,2,0,0,1,77.8,100.0,100.0,0.36,1
410.0,7,7,2,2,2,0,0,1,77.8,100.0,100.0,0.43,1
411.0,7,7,2,2,2,0,0,1,77.7,100.0,100.0,0.36,2
412.0,7,7,2,2,2,0,0,1,77.7,100.0,100.0,0.36,1
413.1,7,7,2,2,2,0,0,1,77.6,100.0,100.0,0.43,2
414.0,7,7,2,2,2,0,0,1,77.6,100.0,100.0,0.36,1
415.0,7,7,2,2,2,0,0,1,77.5,100.0,100.0,0.36,1
416.0,7,7,2,2,2,0,0,1,77.5,100.0,100.0,0.36,2
417.0,7,7,2,2,2,0,0,1,77.4,100.0,100.0,0.36,1
418.0,7,7,1,1,1,0,0,1,77.9,100.0,100.0,0.28,1
419.0,7,7,1,1,1,0,0,1,77.8,100.0,100.0,0.23,2
420.0,7,7,1,1,1,0,0,1,77.8,100.0,100.0,0.3,1
421.1,7,7,1,1,1,0,0,1,77.7,100.0,100.0,0.3,2
422.0,7,7,1,1,1,0,0,1,77.6,100.0,100.0,0.23,1
423.0,7,7,1,1,1,0,0,1,77.6,100.0,100.0,0.3,1
424.0,7,7,1,1,1,0,0,1,77.5,100.0,100.0,0.24,2
425.0,7,7,1,1,1,0,0,1,77.5,100.0,100.0,0.3,1
426.0,7,7,1,1,1,0,0,1,77.4,100.0,100.0,0.3,1
427.0,7,7,1,1,1,0,0,1,77.4,100.0,100.0,0.23,2
428.0,7,7,1,1,1,0,0,1,77.3,100.0,100.0,0.3,1
429.1,7,7,1,1,1,0,0,1,77.3,100.0,100.0,0.3,2
430.0,7,7,1,1,1,0,0,1,77.2,100.0,100.0,0.23,1
431.0,7,7,1,1,1,0,0,1,77.1,100.0,100.0,0.3,1
432.0,7,7,1,1,1,0,0,1,77.1,100.0,100.0,0.24,2
433.0,7,7,1,1,1,0,0,1,77.0,100.0,100.0,0.3,1
434.0,7,7,1,1,1,0,0,1,77.0,100.0,100.0,0.3,1
435.0,7,7,1,1,1,0,0,1,76.9,100.0,100.0,0.23,2
436.0,7,7,1,1,1,0,0,1,76.9,100.0,100.0,0.3,1
437.1,7,7,1,1,1,0,0,1,76.8,100.0,100.0,0.3,2
438.0,7,7,1,1,1,0,0,1,76.8,100.0,100.0,0.23,1
439.0,7,7,1,1,1,0,0,1,76.7,100.0,100.0,0.3,1
440.0,7,7,1,1,1,0,0,1,76.7,100.0,100.0,0.24,2
441.0,7,7,1,1,1,0,0,1,76.6,100.0,100.0,0.3,1
442.0,7,7,0,0,1,0,0,0,100.0,100.0,100.0,0.3,1
443.0,7,7,0,0,0,0,0,0,100.0,100.0,100.0,,2
